;o;d;t;n
1;1.0;4.0;0.0;0.0
2;1.0;6.0;0.0;0.0
3;1.0;8.0;0.0;0.0
4;1.0;11.0;0.0;0.0
5;1.0;14.0;0.0;0.0
6;1.0;16.0;0.0;0.0
7;1.0;17.0;0.0;0.0
8;1.0;20.0;1.0;1.0
9;1.0;21.0;1.0;1.0
10;1.0;22.0;1.0;1.0
11;1.0;26.0;1.0;1.0
12;1.0;27.0;1.0;1.0
13;1.0;28.0;1.0;1.0
14;1.0;32.0;1.0;1.0
15;1.0;34.0;1.0;1.0
16;1.0;37.0;1.0;2.0
17;1.0;39.0;1.0;2.0
18;1.0;41.0;1.0;2.0
19;1.0;43.0;1.0;2.0
20;1.0;44.0;1.0;2.0
21;1.0;48.0;1.0;2.0
22;1.0;50.0;1.0;2.0
23;1.0;51.0;1.0;2.0
24;1.0;56.0;1.0;3.0
25;1.0;57.0;1.0;3.0
26;1.0;58.0;1.0;3.0
27;1.0;62.0;1.0;3.0
28;1.0;63.0;1.0;3.0
29;1.0;64.0;1.0;3.0
30;1.0;68.0;1.0;3.0
31;1.0;70.0;1.0;3.0
32;1.0;71.0;1.0;3.0
33;1.0;74.0;1.0;4.0
34;1.0;75.0;1.0;4.0
35;1.0;76.0;1.0;4.0
36;1.0;80.0;1.0;4.0
37;1.0;81.0;1.0;4.0
38;1.0;82.0;1.0;4.0
39;1.0;86.0;1.0;4.0
40;1.0;87.0;1.0;4.0
41;1.0;88.0;1.0;4.0
42;1.0;92.0;1.0;5.0
43;1.0;93.0;1.0;5.0
44;1.0;94.0;1.0;5.0
45;1.0;96.0;1.0;5.0
46;1.0;99.0;1.0;5.0
47;1.0;100.0;1.0;5.0
48;1.0;106.0;1.0;6.0
49;1.0;107.0;1.0;6.0
50;1.0;112.0;1.0;6.0
51;1.0;113.0;1.0;6.0
52;1.0;114.0;1.0;6.0
53;1.0;117.0;1.0;6.0
54;1.0;121.0;1.0;6.0
55;2.0;5.0;0.0;0.0
56;3.0;6.0;0.0;0.0
57;3.0;8.0;0.0;0.0
58;3.0;11.0;0.0;0.0
59;3.0;14.0;0.0;0.0
60;3.0;16.0;0.0;0.0
61;3.0;17.0;0.0;0.0
62;3.0;20.0;1.0;1.0
63;3.0;21.0;1.0;1.0
64;3.0;22.0;1.0;1.0
65;3.0;26.0;1.0;1.0
66;3.0;27.0;1.0;1.0
67;3.0;28.0;1.0;1.0
68;3.0;32.0;1.0;1.0
69;3.0;34.0;1.0;1.0
70;3.0;37.0;1.0;2.0
71;3.0;39.0;1.0;2.0
72;3.0;41.0;1.0;2.0
73;3.0;43.0;1.0;2.0
74;3.0;44.0;1.0;2.0
75;3.0;48.0;1.0;2.0
76;3.0;50.0;1.0;2.0
77;3.0;51.0;1.0;2.0
78;3.0;56.0;1.0;3.0
79;3.0;57.0;1.0;3.0
80;3.0;58.0;1.0;3.0
81;3.0;62.0;1.0;3.0
82;3.0;63.0;1.0;3.0
83;3.0;64.0;1.0;3.0
84;3.0;68.0;1.0;3.0
85;3.0;70.0;1.0;3.0
86;3.0;71.0;1.0;3.0
87;3.0;74.0;1.0;4.0
88;3.0;75.0;1.0;4.0
89;3.0;76.0;1.0;4.0
90;3.0;80.0;1.0;4.0
91;3.0;81.0;1.0;4.0
92;3.0;82.0;1.0;4.0
93;3.0;86.0;1.0;4.0
94;3.0;87.0;1.0;4.0
95;3.0;88.0;1.0;4.0
96;3.0;92.0;1.0;5.0
97;3.0;93.0;1.0;5.0
98;3.0;94.0;1.0;5.0
99;3.0;96.0;1.0;5.0
100;3.0;99.0;1.0;5.0
101;3.0;100.0;1.0;5.0
102;3.0;106.0;1.0;6.0
103;3.0;107.0;1.0;6.0
104;3.0;112.0;1.0;6.0
105;3.0;113.0;1.0;6.0
106;3.0;114.0;1.0;6.0
107;3.0;117.0;1.0;6.0
108;3.0;121.0;1.0;6.0
109;4.0;7.0;0.0;0.0
110;5.0;10.0;0.0;0.0
111;6.0;9.0;0.0;0.0
112;6.0;60.0;0.0;3.0
113;7.0;8.0;0.0;0.0
114;7.0;11.0;0.0;0.0
115;7.0;14.0;0.0;0.0
116;7.0;16.0;0.0;0.0
117;7.0;17.0;0.0;0.0
118;7.0;20.0;1.0;1.0
119;7.0;21.0;1.0;1.0
120;7.0;22.0;1.0;1.0
121;7.0;26.0;1.0;1.0
122;7.0;27.0;1.0;1.0
123;7.0;28.0;1.0;1.0
124;7.0;32.0;1.0;1.0
125;7.0;34.0;1.0;1.0
126;7.0;37.0;1.0;2.0
127;7.0;39.0;1.0;2.0
128;7.0;41.0;1.0;2.0
129;7.0;43.0;1.0;2.0
130;7.0;44.0;1.0;2.0
131;7.0;48.0;1.0;2.0
132;7.0;50.0;1.0;2.0
133;7.0;51.0;1.0;2.0
134;7.0;56.0;1.0;3.0
135;7.0;57.0;1.0;3.0
136;7.0;58.0;1.0;3.0
137;7.0;62.0;1.0;3.0
138;7.0;63.0;1.0;3.0
139;7.0;64.0;1.0;3.0
140;7.0;68.0;1.0;3.0
141;7.0;70.0;1.0;3.0
142;7.0;71.0;1.0;3.0
143;7.0;74.0;1.0;4.0
144;7.0;75.0;1.0;4.0
145;7.0;76.0;1.0;4.0
146;7.0;80.0;1.0;4.0
147;7.0;81.0;1.0;4.0
148;7.0;82.0;1.0;4.0
149;7.0;86.0;1.0;4.0
150;7.0;87.0;1.0;4.0
151;7.0;88.0;1.0;4.0
152;7.0;92.0;1.0;5.0
153;7.0;93.0;1.0;5.0
154;7.0;94.0;1.0;5.0
155;7.0;96.0;1.0;5.0
156;7.0;99.0;1.0;5.0
157;7.0;100.0;1.0;5.0
158;7.0;106.0;1.0;6.0
159;7.0;107.0;1.0;6.0
160;7.0;112.0;1.0;6.0
161;7.0;113.0;1.0;6.0
162;7.0;114.0;1.0;6.0
163;7.0;117.0;1.0;6.0
164;7.0;121.0;1.0;6.0
165;8.0;12.0;0.0;0.0
166;9.0;11.0;0.0;0.0
167;9.0;14.0;0.0;0.0
168;9.0;16.0;0.0;0.0
169;9.0;17.0;0.0;0.0
170;9.0;20.0;1.0;1.0
171;9.0;21.0;1.0;1.0
172;9.0;22.0;1.0;1.0
173;9.0;26.0;1.0;1.0
174;9.0;27.0;1.0;1.0
175;9.0;28.0;1.0;1.0
176;9.0;32.0;1.0;1.0
177;9.0;34.0;1.0;1.0
178;9.0;37.0;1.0;2.0
179;9.0;39.0;1.0;2.0
180;9.0;41.0;1.0;2.0
181;9.0;43.0;1.0;2.0
182;9.0;44.0;1.0;2.0
183;9.0;48.0;1.0;2.0
184;9.0;50.0;1.0;2.0
185;9.0;51.0;1.0;2.0
186;9.0;56.0;1.0;3.0
187;9.0;57.0;1.0;3.0
188;9.0;58.0;1.0;3.0
189;9.0;62.0;1.0;3.0
190;9.0;63.0;1.0;3.0
191;9.0;64.0;1.0;3.0
192;9.0;68.0;1.0;3.0
193;9.0;70.0;1.0;3.0
194;9.0;71.0;1.0;3.0
195;9.0;74.0;1.0;4.0
196;9.0;75.0;1.0;4.0
197;9.0;76.0;1.0;4.0
198;9.0;80.0;1.0;4.0
199;9.0;81.0;1.0;4.0
200;9.0;82.0;1.0;4.0
201;9.0;86.0;1.0;4.0
202;9.0;87.0;1.0;4.0
203;9.0;88.0;1.0;4.0
204;9.0;92.0;1.0;5.0
205;9.0;93.0;1.0;5.0
206;9.0;94.0;1.0;5.0
207;9.0;96.0;1.0;5.0
208;9.0;99.0;1.0;5.0
209;9.0;100.0;1.0;5.0
210;9.0;106.0;1.0;6.0
211;9.0;107.0;1.0;6.0
212;9.0;112.0;1.0;6.0
213;9.0;113.0;1.0;6.0
214;9.0;114.0;1.0;6.0
215;9.0;117.0;1.0;6.0
216;9.0;121.0;1.0;6.0
217;10.0;14.0;0.0;0.0
218;10.0;16.0;0.0;0.0
219;10.0;17.0;0.0;0.0
220;10.0;20.0;1.0;1.0
221;10.0;21.0;1.0;1.0
222;10.0;22.0;1.0;1.0
223;10.0;26.0;1.0;1.0
224;10.0;27.0;1.0;1.0
225;10.0;28.0;1.0;1.0
226;10.0;32.0;1.0;1.0
227;10.0;34.0;1.0;1.0
228;10.0;37.0;1.0;2.0
229;10.0;39.0;1.0;2.0
230;10.0;41.0;1.0;2.0
231;10.0;43.0;1.0;2.0
232;10.0;44.0;1.0;2.0
233;10.0;48.0;1.0;2.0
234;10.0;50.0;1.0;2.0
235;10.0;51.0;1.0;2.0
236;10.0;56.0;1.0;3.0
237;10.0;57.0;1.0;3.0
238;10.0;58.0;1.0;3.0
239;10.0;62.0;1.0;3.0
240;10.0;63.0;1.0;3.0
241;10.0;64.0;1.0;3.0
242;10.0;68.0;1.0;3.0
243;10.0;70.0;1.0;3.0
244;10.0;71.0;1.0;3.0
245;10.0;74.0;1.0;4.0
246;10.0;75.0;1.0;4.0
247;10.0;76.0;1.0;4.0
248;10.0;80.0;1.0;4.0
249;10.0;81.0;1.0;4.0
250;10.0;82.0;1.0;4.0
251;10.0;86.0;1.0;4.0
252;10.0;87.0;1.0;4.0
253;10.0;88.0;1.0;4.0
254;10.0;92.0;1.0;5.0
255;10.0;93.0;1.0;5.0
256;10.0;94.0;1.0;5.0
257;10.0;96.0;1.0;5.0
258;10.0;99.0;1.0;5.0
259;10.0;100.0;1.0;5.0
260;10.0;106.0;1.0;6.0
261;10.0;107.0;1.0;6.0
262;10.0;112.0;1.0;6.0
263;10.0;113.0;1.0;6.0
264;10.0;114.0;1.0;6.0
265;10.0;117.0;1.0;6.0
266;10.0;121.0;1.0;6.0
267;11.0;13.0;0.0;0.0
268;11.0;19.0;0.0;1.0
269;11.0;36.0;0.0;2.0
270;11.0;66.0;0.0;3.0
271;11.0;72.0;0.0;4.0
272;11.0;89.0;0.0;5.0
273;12.0;16.0;0.0;0.0
274;12.0;17.0;0.0;0.0
275;12.0;20.0;1.0;1.0
276;12.0;21.0;1.0;1.0
277;12.0;22.0;1.0;1.0
278;12.0;26.0;1.0;1.0
279;12.0;27.0;1.0;1.0
280;12.0;28.0;1.0;1.0
281;12.0;32.0;1.0;1.0
282;12.0;34.0;1.0;1.0
283;12.0;37.0;1.0;2.0
284;12.0;39.0;1.0;2.0
285;12.0;41.0;1.0;2.0
286;12.0;43.0;1.0;2.0
287;12.0;44.0;1.0;2.0
288;12.0;48.0;1.0;2.0
289;12.0;50.0;1.0;2.0
290;12.0;51.0;1.0;2.0
291;12.0;56.0;1.0;3.0
292;12.0;57.0;1.0;3.0
293;12.0;58.0;1.0;3.0
294;12.0;62.0;1.0;3.0
295;12.0;63.0;1.0;3.0
296;12.0;64.0;1.0;3.0
297;12.0;68.0;1.0;3.0
298;12.0;70.0;1.0;3.0
299;12.0;71.0;1.0;3.0
300;12.0;74.0;1.0;4.0
301;12.0;75.0;1.0;4.0
302;12.0;76.0;1.0;4.0
303;12.0;80.0;1.0;4.0
304;12.0;81.0;1.0;4.0
305;12.0;82.0;1.0;4.0
306;12.0;86.0;1.0;4.0
307;12.0;87.0;1.0;4.0
308;12.0;88.0;1.0;4.0
309;12.0;92.0;1.0;5.0
310;12.0;93.0;1.0;5.0
311;12.0;94.0;1.0;5.0
312;12.0;96.0;1.0;5.0
313;12.0;99.0;1.0;5.0
314;12.0;100.0;1.0;5.0
315;12.0;106.0;1.0;6.0
316;12.0;107.0;1.0;6.0
317;12.0;112.0;1.0;6.0
318;12.0;113.0;1.0;6.0
319;12.0;114.0;1.0;6.0
320;12.0;117.0;1.0;6.0
321;12.0;121.0;1.0;6.0
322;13.0;16.0;0.0;0.0
323;13.0;17.0;0.0;0.0
324;13.0;20.0;1.0;1.0
325;13.0;21.0;1.0;1.0
326;13.0;22.0;1.0;1.0
327;13.0;26.0;1.0;1.0
328;13.0;27.0;1.0;1.0
329;13.0;28.0;1.0;1.0
330;13.0;32.0;1.0;1.0
331;13.0;34.0;1.0;1.0
332;13.0;37.0;1.0;2.0
333;13.0;39.0;1.0;2.0
334;13.0;41.0;1.0;2.0
335;13.0;43.0;1.0;2.0
336;13.0;44.0;1.0;2.0
337;13.0;48.0;1.0;2.0
338;13.0;50.0;1.0;2.0
339;13.0;51.0;1.0;2.0
340;13.0;56.0;1.0;3.0
341;13.0;57.0;1.0;3.0
342;13.0;58.0;1.0;3.0
343;13.0;62.0;1.0;3.0
344;13.0;63.0;1.0;3.0
345;13.0;64.0;1.0;3.0
346;13.0;68.0;1.0;3.0
347;13.0;70.0;1.0;3.0
348;13.0;71.0;1.0;3.0
349;13.0;74.0;1.0;4.0
350;13.0;75.0;1.0;4.0
351;13.0;76.0;1.0;4.0
352;13.0;80.0;1.0;4.0
353;13.0;81.0;1.0;4.0
354;13.0;82.0;1.0;4.0
355;13.0;86.0;1.0;4.0
356;13.0;87.0;1.0;4.0
357;13.0;88.0;1.0;4.0
358;13.0;92.0;1.0;5.0
359;13.0;93.0;1.0;5.0
360;13.0;94.0;1.0;5.0
361;13.0;96.0;1.0;5.0
362;13.0;99.0;1.0;5.0
363;13.0;100.0;1.0;5.0
364;13.0;106.0;1.0;6.0
365;13.0;107.0;1.0;6.0
366;13.0;112.0;1.0;6.0
367;13.0;113.0;1.0;6.0
368;13.0;114.0;1.0;6.0
369;13.0;117.0;1.0;6.0
370;13.0;121.0;1.0;6.0
371;14.0;15.0;0.0;0.0
372;14.0;69.0;0.0;3.0
373;14.0;120.0;0.0;6.0
374;15.0;20.0;1.0;1.0
375;15.0;21.0;1.0;1.0
376;15.0;22.0;1.0;1.0
377;15.0;26.0;1.0;1.0
378;15.0;27.0;1.0;1.0
379;15.0;28.0;1.0;1.0
380;15.0;32.0;1.0;1.0
381;15.0;34.0;1.0;1.0
382;15.0;37.0;1.0;2.0
383;15.0;39.0;1.0;2.0
384;15.0;41.0;1.0;2.0
385;15.0;43.0;1.0;2.0
386;15.0;44.0;1.0;2.0
387;15.0;48.0;1.0;2.0
388;15.0;50.0;1.0;2.0
389;15.0;51.0;1.0;2.0
390;15.0;56.0;1.0;3.0
391;15.0;57.0;1.0;3.0
392;15.0;58.0;1.0;3.0
393;15.0;62.0;1.0;3.0
394;15.0;63.0;1.0;3.0
395;15.0;64.0;1.0;3.0
396;15.0;68.0;1.0;3.0
397;15.0;70.0;1.0;3.0
398;15.0;71.0;1.0;3.0
399;15.0;74.0;1.0;4.0
400;15.0;75.0;1.0;4.0
401;15.0;76.0;1.0;4.0
402;15.0;80.0;1.0;4.0
403;15.0;81.0;1.0;4.0
404;15.0;82.0;1.0;4.0
405;15.0;86.0;1.0;4.0
406;15.0;87.0;1.0;4.0
407;15.0;88.0;1.0;4.0
408;15.0;92.0;1.0;5.0
409;15.0;93.0;1.0;5.0
410;15.0;94.0;1.0;5.0
411;15.0;96.0;1.0;5.0
412;15.0;99.0;1.0;5.0
413;15.0;100.0;1.0;5.0
414;15.0;106.0;1.0;6.0
415;15.0;107.0;1.0;6.0
416;15.0;112.0;1.0;6.0
417;15.0;113.0;1.0;6.0
418;15.0;114.0;1.0;6.0
419;15.0;117.0;1.0;6.0
420;15.0;121.0;1.0;6.0
421;16.0;19.0;0.0;1.0
422;16.0;36.0;0.0;2.0
423;16.0;66.0;0.0;3.0
424;16.0;72.0;0.0;4.0
425;16.0;89.0;0.0;5.0
426;17.0;18.0;0.0;1.0
427;17.0;25.0;0.0;1.0
428;18.0;21.0;0.0;0.0
429;18.0;22.0;0.0;0.0
430;18.0;26.0;0.0;0.0
431;18.0;27.0;0.0;0.0
432;18.0;28.0;0.0;0.0
433;18.0;32.0;0.0;0.0
434;18.0;34.0;0.0;0.0
435;18.0;37.0;1.0;1.0
436;18.0;39.0;1.0;1.0
437;18.0;41.0;1.0;1.0
438;18.0;43.0;1.0;1.0
439;18.0;44.0;1.0;1.0
440;18.0;48.0;1.0;1.0
441;18.0;50.0;1.0;1.0
442;18.0;51.0;1.0;1.0
443;18.0;56.0;1.0;2.0
444;18.0;57.0;1.0;2.0
445;18.0;58.0;1.0;2.0
446;18.0;62.0;1.0;2.0
447;18.0;63.0;1.0;2.0
448;18.0;64.0;1.0;2.0
449;18.0;68.0;1.0;2.0
450;18.0;70.0;1.0;2.0
451;18.0;71.0;1.0;2.0
452;18.0;74.0;1.0;3.0
453;18.0;75.0;1.0;3.0
454;18.0;76.0;1.0;3.0
455;18.0;80.0;1.0;3.0
456;18.0;81.0;1.0;3.0
457;18.0;82.0;1.0;3.0
458;18.0;86.0;1.0;3.0
459;18.0;87.0;1.0;3.0
460;18.0;88.0;1.0;3.0
461;18.0;92.0;1.0;4.0
462;18.0;93.0;1.0;4.0
463;18.0;94.0;1.0;4.0
464;18.0;96.0;1.0;4.0
465;18.0;99.0;1.0;4.0
466;18.0;100.0;1.0;4.0
467;18.0;106.0;1.0;5.0
468;18.0;107.0;1.0;5.0
469;18.0;112.0;1.0;5.0
470;18.0;113.0;1.0;5.0
471;18.0;114.0;1.0;5.0
472;18.0;117.0;1.0;5.0
473;18.0;121.0;1.0;5.0
474;19.0;22.0;0.0;0.0
475;19.0;26.0;0.0;0.0
476;19.0;27.0;0.0;0.0
477;19.0;28.0;0.0;0.0
478;19.0;32.0;0.0;0.0
479;19.0;34.0;0.0;0.0
480;19.0;37.0;1.0;1.0
481;19.0;39.0;1.0;1.0
482;19.0;41.0;1.0;1.0
483;19.0;43.0;1.0;1.0
484;19.0;44.0;1.0;1.0
485;19.0;48.0;1.0;1.0
486;19.0;50.0;1.0;1.0
487;19.0;51.0;1.0;1.0
488;19.0;56.0;1.0;2.0
489;19.0;57.0;1.0;2.0
490;19.0;58.0;1.0;2.0
491;19.0;62.0;1.0;2.0
492;19.0;63.0;1.0;2.0
493;19.0;64.0;1.0;2.0
494;19.0;68.0;1.0;2.0
495;19.0;70.0;1.0;2.0
496;19.0;71.0;1.0;2.0
497;19.0;74.0;1.0;3.0
498;19.0;75.0;1.0;3.0
499;19.0;76.0;1.0;3.0
500;19.0;80.0;1.0;3.0
501;19.0;81.0;1.0;3.0
502;19.0;82.0;1.0;3.0
503;19.0;86.0;1.0;3.0
504;19.0;87.0;1.0;3.0
505;19.0;88.0;1.0;3.0
506;19.0;92.0;1.0;4.0
507;19.0;93.0;1.0;4.0
508;19.0;94.0;1.0;4.0
509;19.0;96.0;1.0;4.0
510;19.0;99.0;1.0;4.0
511;19.0;100.0;1.0;4.0
512;19.0;106.0;1.0;5.0
513;19.0;107.0;1.0;5.0
514;19.0;112.0;1.0;5.0
515;19.0;113.0;1.0;5.0
516;19.0;114.0;1.0;5.0
517;19.0;117.0;1.0;5.0
518;19.0;121.0;1.0;5.0
519;20.0;23.0;0.0;0.0
520;20.0;77.0;0.0;3.0
521;21.0;25.0;0.0;0.0
522;22.0;24.0;0.0;0.0
523;22.0;42.0;0.0;1.0
524;22.0;65.0;0.0;2.0
525;22.0;78.0;0.0;3.0
526;22.0;95.0;0.0;4.0
527;22.0;102.0;0.0;4.0
528;22.0;115.0;0.0;5.0
529;23.0;28.0;0.0;0.0
530;23.0;32.0;0.0;0.0
531;23.0;34.0;0.0;0.0
532;23.0;37.0;1.0;1.0
533;23.0;39.0;1.0;1.0
534;23.0;41.0;1.0;1.0
535;23.0;43.0;1.0;1.0
536;23.0;44.0;1.0;1.0
537;23.0;48.0;1.0;1.0
538;23.0;50.0;1.0;1.0
539;23.0;51.0;1.0;1.0
540;23.0;56.0;1.0;2.0
541;23.0;57.0;1.0;2.0
542;23.0;58.0;1.0;2.0
543;23.0;62.0;1.0;2.0
544;23.0;63.0;1.0;2.0
545;23.0;64.0;1.0;2.0
546;23.0;68.0;1.0;2.0
547;23.0;70.0;1.0;2.0
548;23.0;71.0;1.0;2.0
549;23.0;74.0;1.0;3.0
550;23.0;75.0;1.0;3.0
551;23.0;76.0;1.0;3.0
552;23.0;80.0;1.0;3.0
553;23.0;81.0;1.0;3.0
554;23.0;82.0;1.0;3.0
555;23.0;86.0;1.0;3.0
556;23.0;87.0;1.0;3.0
557;23.0;88.0;1.0;3.0
558;23.0;92.0;1.0;4.0
559;23.0;93.0;1.0;4.0
560;23.0;94.0;1.0;4.0
561;23.0;96.0;1.0;4.0
562;23.0;99.0;1.0;4.0
563;23.0;100.0;1.0;4.0
564;23.0;106.0;1.0;5.0
565;23.0;107.0;1.0;5.0
566;23.0;112.0;1.0;5.0
567;23.0;113.0;1.0;5.0
568;23.0;114.0;1.0;5.0
569;23.0;117.0;1.0;5.0
570;23.0;121.0;1.0;5.0
571;24.0;26.0;0.0;0.0
572;24.0;27.0;0.0;0.0
573;24.0;28.0;0.0;0.0
574;24.0;32.0;0.0;0.0
575;24.0;34.0;0.0;0.0
576;24.0;37.0;1.0;1.0
577;24.0;39.0;1.0;1.0
578;24.0;41.0;1.0;1.0
579;24.0;43.0;1.0;1.0
580;24.0;44.0;1.0;1.0
581;24.0;48.0;1.0;1.0
582;24.0;50.0;1.0;1.0
583;24.0;51.0;1.0;1.0
584;24.0;56.0;1.0;2.0
585;24.0;57.0;1.0;2.0
586;24.0;58.0;1.0;2.0
587;24.0;62.0;1.0;2.0
588;24.0;63.0;1.0;2.0
589;24.0;64.0;1.0;2.0
590;24.0;68.0;1.0;2.0
591;24.0;70.0;1.0;2.0
592;24.0;71.0;1.0;2.0
593;24.0;74.0;1.0;3.0
594;24.0;75.0;1.0;3.0
595;24.0;76.0;1.0;3.0
596;24.0;80.0;1.0;3.0
597;24.0;81.0;1.0;3.0
598;24.0;82.0;1.0;3.0
599;24.0;86.0;1.0;3.0
600;24.0;87.0;1.0;3.0
601;24.0;88.0;1.0;3.0
602;24.0;92.0;1.0;4.0
603;24.0;93.0;1.0;4.0
604;24.0;94.0;1.0;4.0
605;24.0;96.0;1.0;4.0
606;24.0;99.0;1.0;4.0
607;24.0;100.0;1.0;4.0
608;24.0;106.0;1.0;5.0
609;24.0;107.0;1.0;5.0
610;24.0;112.0;1.0;5.0
611;24.0;113.0;1.0;5.0
612;24.0;114.0;1.0;5.0
613;24.0;117.0;1.0;5.0
614;24.0;121.0;1.0;5.0
615;25.0;27.0;0.0;0.0
616;25.0;28.0;0.0;0.0
617;25.0;32.0;0.0;0.0
618;25.0;34.0;0.0;0.0
619;25.0;37.0;1.0;1.0
620;25.0;39.0;1.0;1.0
621;25.0;41.0;1.0;1.0
622;25.0;43.0;1.0;1.0
623;25.0;44.0;1.0;1.0
624;25.0;48.0;1.0;1.0
625;25.0;50.0;1.0;1.0
626;25.0;51.0;1.0;1.0
627;25.0;56.0;1.0;2.0
628;25.0;57.0;1.0;2.0
629;25.0;58.0;1.0;2.0
630;25.0;62.0;1.0;2.0
631;25.0;63.0;1.0;2.0
632;25.0;64.0;1.0;2.0
633;25.0;68.0;1.0;2.0
634;25.0;70.0;1.0;2.0
635;25.0;71.0;1.0;2.0
636;25.0;74.0;1.0;3.0
637;25.0;75.0;1.0;3.0
638;25.0;76.0;1.0;3.0
639;25.0;80.0;1.0;3.0
640;25.0;81.0;1.0;3.0
641;25.0;82.0;1.0;3.0
642;25.0;86.0;1.0;3.0
643;25.0;87.0;1.0;3.0
644;25.0;88.0;1.0;3.0
645;25.0;92.0;1.0;4.0
646;25.0;93.0;1.0;4.0
647;25.0;94.0;1.0;4.0
648;25.0;96.0;1.0;4.0
649;25.0;99.0;1.0;4.0
650;25.0;100.0;1.0;4.0
651;25.0;106.0;1.0;5.0
652;25.0;107.0;1.0;5.0
653;25.0;112.0;1.0;5.0
654;25.0;113.0;1.0;5.0
655;25.0;114.0;1.0;5.0
656;25.0;117.0;1.0;5.0
657;25.0;121.0;1.0;5.0
658;26.0;30.0;0.0;0.0
659;27.0;29.0;0.0;0.0
660;28.0;31.0;0.0;0.0
661;29.0;32.0;0.0;0.0
662;29.0;34.0;0.0;0.0
663;29.0;37.0;1.0;1.0
664;29.0;39.0;1.0;1.0
665;29.0;41.0;1.0;1.0
666;29.0;43.0;1.0;1.0
667;29.0;44.0;1.0;1.0
668;29.0;48.0;1.0;1.0
669;29.0;50.0;1.0;1.0
670;29.0;51.0;1.0;1.0
671;29.0;56.0;1.0;2.0
672;29.0;57.0;1.0;2.0
673;29.0;58.0;1.0;2.0
674;29.0;62.0;1.0;2.0
675;29.0;63.0;1.0;2.0
676;29.0;64.0;1.0;2.0
677;29.0;68.0;1.0;2.0
678;29.0;70.0;1.0;2.0
679;29.0;71.0;1.0;2.0
680;29.0;74.0;1.0;3.0
681;29.0;75.0;1.0;3.0
682;29.0;76.0;1.0;3.0
683;29.0;80.0;1.0;3.0
684;29.0;81.0;1.0;3.0
685;29.0;82.0;1.0;3.0
686;29.0;86.0;1.0;3.0
687;29.0;87.0;1.0;3.0
688;29.0;88.0;1.0;3.0
689;29.0;92.0;1.0;4.0
690;29.0;93.0;1.0;4.0
691;29.0;94.0;1.0;4.0
692;29.0;96.0;1.0;4.0
693;29.0;99.0;1.0;4.0
694;29.0;100.0;1.0;4.0
695;29.0;106.0;1.0;5.0
696;29.0;107.0;1.0;5.0
697;29.0;112.0;1.0;5.0
698;29.0;113.0;1.0;5.0
699;29.0;114.0;1.0;5.0
700;29.0;117.0;1.0;5.0
701;29.0;121.0;1.0;5.0
702;30.0;35.0;0.0;0.0
703;31.0;34.0;0.0;0.0
704;31.0;37.0;1.0;1.0
705;31.0;39.0;1.0;1.0
706;31.0;41.0;1.0;1.0
707;31.0;43.0;1.0;1.0
708;31.0;44.0;1.0;1.0
709;31.0;48.0;1.0;1.0
710;31.0;50.0;1.0;1.0
711;31.0;51.0;1.0;1.0
712;31.0;56.0;1.0;2.0
713;31.0;57.0;1.0;2.0
714;31.0;58.0;1.0;2.0
715;31.0;62.0;1.0;2.0
716;31.0;63.0;1.0;2.0
717;31.0;64.0;1.0;2.0
718;31.0;68.0;1.0;2.0
719;31.0;70.0;1.0;2.0
720;31.0;71.0;1.0;2.0
721;31.0;74.0;1.0;3.0
722;31.0;75.0;1.0;3.0
723;31.0;76.0;1.0;3.0
724;31.0;80.0;1.0;3.0
725;31.0;81.0;1.0;3.0
726;31.0;82.0;1.0;3.0
727;31.0;86.0;1.0;3.0
728;31.0;87.0;1.0;3.0
729;31.0;88.0;1.0;3.0
730;31.0;92.0;1.0;4.0
731;31.0;93.0;1.0;4.0
732;31.0;94.0;1.0;4.0
733;31.0;96.0;1.0;4.0
734;31.0;99.0;1.0;4.0
735;31.0;100.0;1.0;4.0
736;31.0;106.0;1.0;5.0
737;31.0;107.0;1.0;5.0
738;31.0;112.0;1.0;5.0
739;31.0;113.0;1.0;5.0
740;31.0;114.0;1.0;5.0
741;31.0;117.0;1.0;5.0
742;31.0;121.0;1.0;5.0
743;32.0;33.0;0.0;0.0
744;33.0;37.0;1.0;1.0
745;33.0;39.0;1.0;1.0
746;33.0;41.0;1.0;1.0
747;33.0;43.0;1.0;1.0
748;33.0;44.0;1.0;1.0
749;33.0;48.0;1.0;1.0
750;33.0;50.0;1.0;1.0
751;33.0;51.0;1.0;1.0
752;33.0;56.0;1.0;2.0
753;33.0;57.0;1.0;2.0
754;33.0;58.0;1.0;2.0
755;33.0;62.0;1.0;2.0
756;33.0;63.0;1.0;2.0
757;33.0;64.0;1.0;2.0
758;33.0;68.0;1.0;2.0
759;33.0;70.0;1.0;2.0
760;33.0;71.0;1.0;2.0
761;33.0;74.0;1.0;3.0
762;33.0;75.0;1.0;3.0
763;33.0;76.0;1.0;3.0
764;33.0;80.0;1.0;3.0
765;33.0;81.0;1.0;3.0
766;33.0;82.0;1.0;3.0
767;33.0;86.0;1.0;3.0
768;33.0;87.0;1.0;3.0
769;33.0;88.0;1.0;3.0
770;33.0;92.0;1.0;4.0
771;33.0;93.0;1.0;4.0
772;33.0;94.0;1.0;4.0
773;33.0;96.0;1.0;4.0
774;33.0;99.0;1.0;4.0
775;33.0;100.0;1.0;4.0
776;33.0;106.0;1.0;5.0
777;33.0;107.0;1.0;5.0
778;33.0;112.0;1.0;5.0
779;33.0;113.0;1.0;5.0
780;33.0;114.0;1.0;5.0
781;33.0;117.0;1.0;5.0
782;33.0;121.0;1.0;5.0
783;34.0;38.0;0.0;1.0
784;34.0;55.0;0.0;2.0
785;34.0;91.0;0.0;4.0
786;34.0;98.0;0.0;4.0
787;35.0;36.0;0.0;1.0
788;35.0;66.0;0.0;2.0
789;35.0;72.0;0.0;3.0
790;35.0;89.0;0.0;4.0
791;36.0;39.0;0.0;0.0
792;36.0;41.0;0.0;0.0
793;36.0;43.0;0.0;0.0
794;36.0;44.0;0.0;0.0
795;36.0;48.0;0.0;0.0
796;36.0;50.0;0.0;0.0
797;36.0;51.0;0.0;0.0
798;36.0;56.0;1.0;1.0
799;36.0;57.0;1.0;1.0
800;36.0;58.0;1.0;1.0
801;36.0;62.0;1.0;1.0
802;36.0;63.0;1.0;1.0
803;36.0;64.0;1.0;1.0
804;36.0;68.0;1.0;1.0
805;36.0;70.0;1.0;1.0
806;36.0;71.0;1.0;1.0
807;36.0;74.0;1.0;2.0
808;36.0;75.0;1.0;2.0
809;36.0;76.0;1.0;2.0
810;36.0;80.0;1.0;2.0
811;36.0;81.0;1.0;2.0
812;36.0;82.0;1.0;2.0
813;36.0;86.0;1.0;2.0
814;36.0;87.0;1.0;2.0
815;36.0;88.0;1.0;2.0
816;36.0;92.0;1.0;3.0
817;36.0;93.0;1.0;3.0
818;36.0;94.0;1.0;3.0
819;36.0;96.0;1.0;3.0
820;36.0;99.0;1.0;3.0
821;36.0;100.0;1.0;3.0
822;36.0;106.0;1.0;4.0
823;36.0;107.0;1.0;4.0
824;36.0;112.0;1.0;4.0
825;36.0;113.0;1.0;4.0
826;36.0;114.0;1.0;4.0
827;36.0;117.0;1.0;4.0
828;36.0;121.0;1.0;4.0
829;37.0;40.0;0.0;0.0
830;38.0;41.0;0.0;0.0
831;38.0;43.0;0.0;0.0
832;38.0;44.0;0.0;0.0
833;38.0;48.0;0.0;0.0
834;38.0;50.0;0.0;0.0
835;38.0;51.0;0.0;0.0
836;38.0;56.0;1.0;1.0
837;38.0;57.0;1.0;1.0
838;38.0;58.0;1.0;1.0
839;38.0;62.0;1.0;1.0
840;38.0;63.0;1.0;1.0
841;38.0;64.0;1.0;1.0
842;38.0;68.0;1.0;1.0
843;38.0;70.0;1.0;1.0
844;38.0;71.0;1.0;1.0
845;38.0;74.0;1.0;2.0
846;38.0;75.0;1.0;2.0
847;38.0;76.0;1.0;2.0
848;38.0;80.0;1.0;2.0
849;38.0;81.0;1.0;2.0
850;38.0;82.0;1.0;2.0
851;38.0;86.0;1.0;2.0
852;38.0;87.0;1.0;2.0
853;38.0;88.0;1.0;2.0
854;38.0;92.0;1.0;3.0
855;38.0;93.0;1.0;3.0
856;38.0;94.0;1.0;3.0
857;38.0;96.0;1.0;3.0
858;38.0;99.0;1.0;3.0
859;38.0;100.0;1.0;3.0
860;38.0;106.0;1.0;4.0
861;38.0;107.0;1.0;4.0
862;38.0;112.0;1.0;4.0
863;38.0;113.0;1.0;4.0
864;38.0;114.0;1.0;4.0
865;38.0;117.0;1.0;4.0
866;38.0;121.0;1.0;4.0
867;39.0;42.0;0.0;0.0
868;39.0;65.0;0.0;1.0
869;39.0;78.0;0.0;2.0
870;39.0;95.0;0.0;3.0
871;39.0;102.0;0.0;3.0
872;39.0;115.0;0.0;4.0
873;40.0;43.0;0.0;0.0
874;40.0;44.0;0.0;0.0
875;40.0;48.0;0.0;0.0
876;40.0;50.0;0.0;0.0
877;40.0;51.0;0.0;0.0
878;40.0;56.0;1.0;1.0
879;40.0;57.0;1.0;1.0
880;40.0;58.0;1.0;1.0
881;40.0;62.0;1.0;1.0
882;40.0;63.0;1.0;1.0
883;40.0;64.0;1.0;1.0
884;40.0;68.0;1.0;1.0
885;40.0;70.0;1.0;1.0
886;40.0;71.0;1.0;1.0
887;40.0;74.0;1.0;2.0
888;40.0;75.0;1.0;2.0
889;40.0;76.0;1.0;2.0
890;40.0;80.0;1.0;2.0
891;40.0;81.0;1.0;2.0
892;40.0;82.0;1.0;2.0
893;40.0;86.0;1.0;2.0
894;40.0;87.0;1.0;2.0
895;40.0;88.0;1.0;2.0
896;40.0;92.0;1.0;3.0
897;40.0;93.0;1.0;3.0
898;40.0;94.0;1.0;3.0
899;40.0;96.0;1.0;3.0
900;40.0;99.0;1.0;3.0
901;40.0;100.0;1.0;3.0
902;40.0;106.0;1.0;4.0
903;40.0;107.0;1.0;4.0
904;40.0;112.0;1.0;4.0
905;40.0;113.0;1.0;4.0
906;40.0;114.0;1.0;4.0
907;40.0;117.0;1.0;4.0
908;40.0;121.0;1.0;4.0
909;41.0;45.0;0.0;0.0
910;41.0;61.0;0.0;1.0
911;41.0;116.0;0.0;4.0
912;42.0;43.0;0.0;0.0
913;42.0;44.0;0.0;0.0
914;42.0;48.0;0.0;0.0
915;42.0;50.0;0.0;0.0
916;42.0;51.0;0.0;0.0
917;42.0;56.0;1.0;1.0
918;42.0;57.0;1.0;1.0
919;42.0;58.0;1.0;1.0
920;42.0;62.0;1.0;1.0
921;42.0;63.0;1.0;1.0
922;42.0;64.0;1.0;1.0
923;42.0;68.0;1.0;1.0
924;42.0;70.0;1.0;1.0
925;42.0;71.0;1.0;1.0
926;42.0;74.0;1.0;2.0
927;42.0;75.0;1.0;2.0
928;42.0;76.0;1.0;2.0
929;42.0;80.0;1.0;2.0
930;42.0;81.0;1.0;2.0
931;42.0;82.0;1.0;2.0
932;42.0;86.0;1.0;2.0
933;42.0;87.0;1.0;2.0
934;42.0;88.0;1.0;2.0
935;42.0;92.0;1.0;3.0
936;42.0;93.0;1.0;3.0
937;42.0;94.0;1.0;3.0
938;42.0;96.0;1.0;3.0
939;42.0;99.0;1.0;3.0
940;42.0;100.0;1.0;3.0
941;42.0;106.0;1.0;4.0
942;42.0;107.0;1.0;4.0
943;42.0;112.0;1.0;4.0
944;42.0;113.0;1.0;4.0
945;42.0;114.0;1.0;4.0
946;42.0;117.0;1.0;4.0
947;42.0;121.0;1.0;4.0
948;43.0;46.0;0.0;0.0
949;44.0;47.0;0.0;0.0
950;44.0;84.0;0.0;2.0
951;45.0;48.0;0.0;0.0
952;45.0;50.0;0.0;0.0
953;45.0;51.0;0.0;0.0
954;45.0;56.0;1.0;1.0
955;45.0;57.0;1.0;1.0
956;45.0;58.0;1.0;1.0
957;45.0;62.0;1.0;1.0
958;45.0;63.0;1.0;1.0
959;45.0;64.0;1.0;1.0
960;45.0;68.0;1.0;1.0
961;45.0;70.0;1.0;1.0
962;45.0;71.0;1.0;1.0
963;45.0;74.0;1.0;2.0
964;45.0;75.0;1.0;2.0
965;45.0;76.0;1.0;2.0
966;45.0;80.0;1.0;2.0
967;45.0;81.0;1.0;2.0
968;45.0;82.0;1.0;2.0
969;45.0;86.0;1.0;2.0
970;45.0;87.0;1.0;2.0
971;45.0;88.0;1.0;2.0
972;45.0;92.0;1.0;3.0
973;45.0;93.0;1.0;3.0
974;45.0;94.0;1.0;3.0
975;45.0;96.0;1.0;3.0
976;45.0;99.0;1.0;3.0
977;45.0;100.0;1.0;3.0
978;45.0;106.0;1.0;4.0
979;45.0;107.0;1.0;4.0
980;45.0;112.0;1.0;4.0
981;45.0;113.0;1.0;4.0
982;45.0;114.0;1.0;4.0
983;45.0;117.0;1.0;4.0
984;45.0;121.0;1.0;4.0
985;46.0;52.0;0.0;0.0
986;47.0;50.0;0.0;0.0
987;47.0;51.0;0.0;0.0
988;47.0;56.0;1.0;1.0
989;47.0;57.0;1.0;1.0
990;47.0;58.0;1.0;1.0
991;47.0;62.0;1.0;1.0
992;47.0;63.0;1.0;1.0
993;47.0;64.0;1.0;1.0
994;47.0;68.0;1.0;1.0
995;47.0;70.0;1.0;1.0
996;47.0;71.0;1.0;1.0
997;47.0;74.0;1.0;2.0
998;47.0;75.0;1.0;2.0
999;47.0;76.0;1.0;2.0
1000;47.0;80.0;1.0;2.0
1001;47.0;81.0;1.0;2.0
1002;47.0;82.0;1.0;2.0
1003;47.0;86.0;1.0;2.0
1004;47.0;87.0;1.0;2.0
1005;47.0;88.0;1.0;2.0
1006;47.0;92.0;1.0;3.0
1007;47.0;93.0;1.0;3.0
1008;47.0;94.0;1.0;3.0
1009;47.0;96.0;1.0;3.0
1010;47.0;99.0;1.0;3.0
1011;47.0;100.0;1.0;3.0
1012;47.0;106.0;1.0;4.0
1013;47.0;107.0;1.0;4.0
1014;47.0;112.0;1.0;4.0
1015;47.0;113.0;1.0;4.0
1016;47.0;114.0;1.0;4.0
1017;47.0;117.0;1.0;4.0
1018;47.0;121.0;1.0;4.0
1019;48.0;49.0;0.0;0.0
1020;48.0;67.0;0.0;1.0
1021;49.0;50.0;0.0;0.0
1022;49.0;51.0;0.0;0.0
1023;49.0;56.0;1.0;1.0
1024;49.0;57.0;1.0;1.0
1025;49.0;58.0;1.0;1.0
1026;49.0;62.0;1.0;1.0
1027;49.0;63.0;1.0;1.0
1028;49.0;64.0;1.0;1.0
1029;49.0;68.0;1.0;1.0
1030;49.0;70.0;1.0;1.0
1031;49.0;71.0;1.0;1.0
1032;49.0;74.0;1.0;2.0
1033;49.0;75.0;1.0;2.0
1034;49.0;76.0;1.0;2.0
1035;49.0;80.0;1.0;2.0
1036;49.0;81.0;1.0;2.0
1037;49.0;82.0;1.0;2.0
1038;49.0;86.0;1.0;2.0
1039;49.0;87.0;1.0;2.0
1040;49.0;88.0;1.0;2.0
1041;49.0;92.0;1.0;3.0
1042;49.0;93.0;1.0;3.0
1043;49.0;94.0;1.0;3.0
1044;49.0;96.0;1.0;3.0
1045;49.0;99.0;1.0;3.0
1046;49.0;100.0;1.0;3.0
1047;49.0;106.0;1.0;4.0
1048;49.0;107.0;1.0;4.0
1049;49.0;112.0;1.0;4.0
1050;49.0;113.0;1.0;4.0
1051;49.0;114.0;1.0;4.0
1052;49.0;117.0;1.0;4.0
1053;49.0;121.0;1.0;4.0
1054;50.0;54.0;0.0;1.0
1055;50.0;97.0;0.0;3.0
1056;51.0;55.0;0.0;1.0
1057;51.0;91.0;0.0;3.0
1058;51.0;98.0;0.0;3.0
1059;52.0;53.0;0.0;1.0
1060;52.0;73.0;0.0;2.0
1061;53.0;56.0;0.0;0.0
1062;53.0;57.0;0.0;0.0
1063;53.0;58.0;0.0;0.0
1064;53.0;62.0;0.0;0.0
1065;53.0;63.0;0.0;0.0
1066;53.0;64.0;0.0;0.0
1067;53.0;68.0;0.0;0.0
1068;53.0;70.0;0.0;0.0
1069;53.0;71.0;0.0;0.0
1070;53.0;74.0;1.0;1.0
1071;53.0;75.0;1.0;1.0
1072;53.0;76.0;1.0;1.0
1073;53.0;80.0;1.0;1.0
1074;53.0;81.0;1.0;1.0
1075;53.0;82.0;1.0;1.0
1076;53.0;86.0;1.0;1.0
1077;53.0;87.0;1.0;1.0
1078;53.0;88.0;1.0;1.0
1079;53.0;92.0;1.0;2.0
1080;53.0;93.0;1.0;2.0
1081;53.0;94.0;1.0;2.0
1082;53.0;96.0;1.0;2.0
1083;53.0;99.0;1.0;2.0
1084;53.0;100.0;1.0;2.0
1085;53.0;106.0;1.0;3.0
1086;53.0;107.0;1.0;3.0
1087;53.0;112.0;1.0;3.0
1088;53.0;113.0;1.0;3.0
1089;53.0;114.0;1.0;3.0
1090;53.0;117.0;1.0;3.0
1091;53.0;121.0;1.0;3.0
1092;54.0;57.0;0.0;0.0
1093;54.0;58.0;0.0;0.0
1094;54.0;62.0;0.0;0.0
1095;54.0;63.0;0.0;0.0
1096;54.0;64.0;0.0;0.0
1097;54.0;68.0;0.0;0.0
1098;54.0;70.0;0.0;0.0
1099;54.0;71.0;0.0;0.0
1100;54.0;74.0;1.0;1.0
1101;54.0;75.0;1.0;1.0
1102;54.0;76.0;1.0;1.0
1103;54.0;80.0;1.0;1.0
1104;54.0;81.0;1.0;1.0
1105;54.0;82.0;1.0;1.0
1106;54.0;86.0;1.0;1.0
1107;54.0;87.0;1.0;1.0
1108;54.0;88.0;1.0;1.0
1109;54.0;92.0;1.0;2.0
1110;54.0;93.0;1.0;2.0
1111;54.0;94.0;1.0;2.0
1112;54.0;96.0;1.0;2.0
1113;54.0;99.0;1.0;2.0
1114;54.0;100.0;1.0;2.0
1115;54.0;106.0;1.0;3.0
1116;54.0;107.0;1.0;3.0
1117;54.0;112.0;1.0;3.0
1118;54.0;113.0;1.0;3.0
1119;54.0;114.0;1.0;3.0
1120;54.0;117.0;1.0;3.0
1121;54.0;121.0;1.0;3.0
1122;55.0;58.0;0.0;0.0
1123;55.0;62.0;0.0;0.0
1124;55.0;63.0;0.0;0.0
1125;55.0;64.0;0.0;0.0
1126;55.0;68.0;0.0;0.0
1127;55.0;70.0;0.0;0.0
1128;55.0;71.0;0.0;0.0
1129;55.0;74.0;1.0;1.0
1130;55.0;75.0;1.0;1.0
1131;55.0;76.0;1.0;1.0
1132;55.0;80.0;1.0;1.0
1133;55.0;81.0;1.0;1.0
1134;55.0;82.0;1.0;1.0
1135;55.0;86.0;1.0;1.0
1136;55.0;87.0;1.0;1.0
1137;55.0;88.0;1.0;1.0
1138;55.0;92.0;1.0;2.0
1139;55.0;93.0;1.0;2.0
1140;55.0;94.0;1.0;2.0
1141;55.0;96.0;1.0;2.0
1142;55.0;99.0;1.0;2.0
1143;55.0;100.0;1.0;2.0
1144;55.0;106.0;1.0;3.0
1145;55.0;107.0;1.0;3.0
1146;55.0;112.0;1.0;3.0
1147;55.0;113.0;1.0;3.0
1148;55.0;114.0;1.0;3.0
1149;55.0;117.0;1.0;3.0
1150;55.0;121.0;1.0;3.0
1151;56.0;59.0;0.0;0.0
1152;56.0;79.0;0.0;1.0
1153;56.0;109.0;0.0;3.0
1154;56.0;118.0;0.0;3.0
1155;57.0;60.0;0.0;0.0
1156;58.0;61.0;0.0;0.0
1157;58.0;116.0;0.0;3.0
1158;59.0;62.0;0.0;0.0
1159;59.0;63.0;0.0;0.0
1160;59.0;64.0;0.0;0.0
1161;59.0;68.0;0.0;0.0
1162;59.0;70.0;0.0;0.0
1163;59.0;71.0;0.0;0.0
1164;59.0;74.0;1.0;1.0
1165;59.0;75.0;1.0;1.0
1166;59.0;76.0;1.0;1.0
1167;59.0;80.0;1.0;1.0
1168;59.0;81.0;1.0;1.0
1169;59.0;82.0;1.0;1.0
1170;59.0;86.0;1.0;1.0
1171;59.0;87.0;1.0;1.0
1172;59.0;88.0;1.0;1.0
1173;59.0;92.0;1.0;2.0
1174;59.0;93.0;1.0;2.0
1175;59.0;94.0;1.0;2.0
1176;59.0;96.0;1.0;2.0
1177;59.0;99.0;1.0;2.0
1178;59.0;100.0;1.0;2.0
1179;59.0;106.0;1.0;3.0
1180;59.0;107.0;1.0;3.0
1181;59.0;112.0;1.0;3.0
1182;59.0;113.0;1.0;3.0
1183;59.0;114.0;1.0;3.0
1184;59.0;117.0;1.0;3.0
1185;59.0;121.0;1.0;3.0
1186;60.0;63.0;0.0;0.0
1187;60.0;64.0;0.0;0.0
1188;60.0;68.0;0.0;0.0
1189;60.0;70.0;0.0;0.0
1190;60.0;71.0;0.0;0.0
1191;60.0;74.0;1.0;1.0
1192;60.0;75.0;1.0;1.0
1193;60.0;76.0;1.0;1.0
1194;60.0;80.0;1.0;1.0
1195;60.0;81.0;1.0;1.0
1196;60.0;82.0;1.0;1.0
1197;60.0;86.0;1.0;1.0
1198;60.0;87.0;1.0;1.0
1199;60.0;88.0;1.0;1.0
1200;60.0;92.0;1.0;2.0
1201;60.0;93.0;1.0;2.0
1202;60.0;94.0;1.0;2.0
1203;60.0;96.0;1.0;2.0
1204;60.0;99.0;1.0;2.0
1205;60.0;100.0;1.0;2.0
1206;60.0;106.0;1.0;3.0
1207;60.0;107.0;1.0;3.0
1208;60.0;112.0;1.0;3.0
1209;60.0;113.0;1.0;3.0
1210;60.0;114.0;1.0;3.0
1211;60.0;117.0;1.0;3.0
1212;60.0;121.0;1.0;3.0
1213;61.0;64.0;0.0;0.0
1214;61.0;68.0;0.0;0.0
1215;61.0;70.0;0.0;0.0
1216;61.0;71.0;0.0;0.0
1217;61.0;74.0;1.0;1.0
1218;61.0;75.0;1.0;1.0
1219;61.0;76.0;1.0;1.0
1220;61.0;80.0;1.0;1.0
1221;61.0;81.0;1.0;1.0
1222;61.0;82.0;1.0;1.0
1223;61.0;86.0;1.0;1.0
1224;61.0;87.0;1.0;1.0
1225;61.0;88.0;1.0;1.0
1226;61.0;92.0;1.0;2.0
1227;61.0;93.0;1.0;2.0
1228;61.0;94.0;1.0;2.0
1229;61.0;96.0;1.0;2.0
1230;61.0;99.0;1.0;2.0
1231;61.0;100.0;1.0;2.0
1232;61.0;106.0;1.0;3.0
1233;61.0;107.0;1.0;3.0
1234;61.0;112.0;1.0;3.0
1235;61.0;113.0;1.0;3.0
1236;61.0;114.0;1.0;3.0
1237;61.0;117.0;1.0;3.0
1238;61.0;121.0;1.0;3.0
1239;62.0;65.0;0.0;0.0
1240;62.0;78.0;0.0;1.0
1241;62.0;95.0;0.0;2.0
1242;62.0;102.0;0.0;2.0
1243;62.0;115.0;0.0;3.0
1244;63.0;66.0;0.0;0.0
1245;63.0;72.0;0.0;1.0
1246;63.0;89.0;0.0;2.0
1247;64.0;67.0;0.0;0.0
1248;65.0;68.0;0.0;0.0
1249;65.0;70.0;0.0;0.0
1250;65.0;71.0;0.0;0.0
1251;65.0;74.0;1.0;1.0
1252;65.0;75.0;1.0;1.0
1253;65.0;76.0;1.0;1.0
1254;65.0;80.0;1.0;1.0
1255;65.0;81.0;1.0;1.0
1256;65.0;82.0;1.0;1.0
1257;65.0;86.0;1.0;1.0
1258;65.0;87.0;1.0;1.0
1259;65.0;88.0;1.0;1.0
1260;65.0;92.0;1.0;2.0
1261;65.0;93.0;1.0;2.0
1262;65.0;94.0;1.0;2.0
1263;65.0;96.0;1.0;2.0
1264;65.0;99.0;1.0;2.0
1265;65.0;100.0;1.0;2.0
1266;65.0;106.0;1.0;3.0
1267;65.0;107.0;1.0;3.0
1268;65.0;112.0;1.0;3.0
1269;65.0;113.0;1.0;3.0
1270;65.0;114.0;1.0;3.0
1271;65.0;117.0;1.0;3.0
1272;65.0;121.0;1.0;3.0
1273;66.0;70.0;0.0;0.0
1274;66.0;71.0;0.0;0.0
1275;66.0;74.0;1.0;1.0
1276;66.0;75.0;1.0;1.0
1277;66.0;76.0;1.0;1.0
1278;66.0;80.0;1.0;1.0
1279;66.0;81.0;1.0;1.0
1280;66.0;82.0;1.0;1.0
1281;66.0;86.0;1.0;1.0
1282;66.0;87.0;1.0;1.0
1283;66.0;88.0;1.0;1.0
1284;66.0;92.0;1.0;2.0
1285;66.0;93.0;1.0;2.0
1286;66.0;94.0;1.0;2.0
1287;66.0;96.0;1.0;2.0
1288;66.0;99.0;1.0;2.0
1289;66.0;100.0;1.0;2.0
1290;66.0;106.0;1.0;3.0
1291;66.0;107.0;1.0;3.0
1292;66.0;112.0;1.0;3.0
1293;66.0;113.0;1.0;3.0
1294;66.0;114.0;1.0;3.0
1295;66.0;117.0;1.0;3.0
1296;66.0;121.0;1.0;3.0
1297;67.0;70.0;0.0;0.0
1298;67.0;71.0;0.0;0.0
1299;67.0;74.0;1.0;1.0
1300;67.0;75.0;1.0;1.0
1301;67.0;76.0;1.0;1.0
1302;67.0;80.0;1.0;1.0
1303;67.0;81.0;1.0;1.0
1304;67.0;82.0;1.0;1.0
1305;67.0;86.0;1.0;1.0
1306;67.0;87.0;1.0;1.0
1307;67.0;88.0;1.0;1.0
1308;67.0;92.0;1.0;2.0
1309;67.0;93.0;1.0;2.0
1310;67.0;94.0;1.0;2.0
1311;67.0;96.0;1.0;2.0
1312;67.0;99.0;1.0;2.0
1313;67.0;100.0;1.0;2.0
1314;67.0;106.0;1.0;3.0
1315;67.0;107.0;1.0;3.0
1316;67.0;112.0;1.0;3.0
1317;67.0;113.0;1.0;3.0
1318;67.0;114.0;1.0;3.0
1319;67.0;117.0;1.0;3.0
1320;67.0;121.0;1.0;3.0
1321;68.0;69.0;0.0;0.0
1322;68.0;120.0;0.0;3.0
1323;69.0;74.0;1.0;1.0
1324;69.0;75.0;1.0;1.0
1325;69.0;76.0;1.0;1.0
1326;69.0;80.0;1.0;1.0
1327;69.0;81.0;1.0;1.0
1328;69.0;82.0;1.0;1.0
1329;69.0;86.0;1.0;1.0
1330;69.0;87.0;1.0;1.0
1331;69.0;88.0;1.0;1.0
1332;69.0;92.0;1.0;2.0
1333;69.0;93.0;1.0;2.0
1334;69.0;94.0;1.0;2.0
1335;69.0;96.0;1.0;2.0
1336;69.0;99.0;1.0;2.0
1337;69.0;100.0;1.0;2.0
1338;69.0;106.0;1.0;3.0
1339;69.0;107.0;1.0;3.0
1340;69.0;112.0;1.0;3.0
1341;69.0;113.0;1.0;3.0
1342;69.0;114.0;1.0;3.0
1343;69.0;117.0;1.0;3.0
1344;69.0;121.0;1.0;3.0
1345;70.0;72.0;0.0;1.0
1346;70.0;89.0;0.0;2.0
1347;71.0;73.0;0.0;1.0
1348;72.0;75.0;0.0;0.0
1349;72.0;76.0;0.0;0.0
1350;72.0;80.0;0.0;0.0
1351;72.0;81.0;0.0;0.0
1352;72.0;82.0;0.0;0.0
1353;72.0;86.0;0.0;0.0
1354;72.0;87.0;0.0;0.0
1355;72.0;88.0;0.0;0.0
1356;72.0;92.0;1.0;1.0
1357;72.0;93.0;1.0;1.0
1358;72.0;94.0;1.0;1.0
1359;72.0;96.0;1.0;1.0
1360;72.0;99.0;1.0;1.0
1361;72.0;100.0;1.0;1.0
1362;72.0;106.0;1.0;2.0
1363;72.0;107.0;1.0;2.0
1364;72.0;112.0;1.0;2.0
1365;72.0;113.0;1.0;2.0
1366;72.0;114.0;1.0;2.0
1367;72.0;117.0;1.0;2.0
1368;72.0;121.0;1.0;2.0
1369;73.0;76.0;0.0;0.0
1370;73.0;80.0;0.0;0.0
1371;73.0;81.0;0.0;0.0
1372;73.0;82.0;0.0;0.0
1373;73.0;86.0;0.0;0.0
1374;73.0;87.0;0.0;0.0
1375;73.0;88.0;0.0;0.0
1376;73.0;92.0;1.0;1.0
1377;73.0;93.0;1.0;1.0
1378;73.0;94.0;1.0;1.0
1379;73.0;96.0;1.0;1.0
1380;73.0;99.0;1.0;1.0
1381;73.0;100.0;1.0;1.0
1382;73.0;106.0;1.0;2.0
1383;73.0;107.0;1.0;2.0
1384;73.0;112.0;1.0;2.0
1385;73.0;113.0;1.0;2.0
1386;73.0;114.0;1.0;2.0
1387;73.0;117.0;1.0;2.0
1388;73.0;121.0;1.0;2.0
1389;74.0;77.0;0.0;0.0
1390;75.0;78.0;0.0;0.0
1391;75.0;95.0;0.0;1.0
1392;75.0;102.0;0.0;1.0
1393;75.0;115.0;0.0;2.0
1394;76.0;79.0;0.0;0.0
1395;76.0;109.0;0.0;2.0
1396;76.0;118.0;0.0;2.0
1397;77.0;81.0;0.0;0.0
1398;77.0;82.0;0.0;0.0
1399;77.0;86.0;0.0;0.0
1400;77.0;87.0;0.0;0.0
1401;77.0;88.0;0.0;0.0
1402;77.0;92.0;1.0;1.0
1403;77.0;93.0;1.0;1.0
1404;77.0;94.0;1.0;1.0
1405;77.0;96.0;1.0;1.0
1406;77.0;99.0;1.0;1.0
1407;77.0;100.0;1.0;1.0
1408;77.0;106.0;1.0;2.0
1409;77.0;107.0;1.0;2.0
1410;77.0;112.0;1.0;2.0
1411;77.0;113.0;1.0;2.0
1412;77.0;114.0;1.0;2.0
1413;77.0;117.0;1.0;2.0
1414;77.0;121.0;1.0;2.0
1415;78.0;80.0;0.0;0.0
1416;78.0;81.0;0.0;0.0
1417;78.0;82.0;0.0;0.0
1418;78.0;86.0;0.0;0.0
1419;78.0;87.0;0.0;0.0
1420;78.0;88.0;0.0;0.0
1421;78.0;92.0;1.0;1.0
1422;78.0;93.0;1.0;1.0
1423;78.0;94.0;1.0;1.0
1424;78.0;96.0;1.0;1.0
1425;78.0;99.0;1.0;1.0
1426;78.0;100.0;1.0;1.0
1427;78.0;106.0;1.0;2.0
1428;78.0;107.0;1.0;2.0
1429;78.0;112.0;1.0;2.0
1430;78.0;113.0;1.0;2.0
1431;78.0;114.0;1.0;2.0
1432;78.0;117.0;1.0;2.0
1433;78.0;121.0;1.0;2.0
1434;79.0;82.0;0.0;0.0
1435;79.0;86.0;0.0;0.0
1436;79.0;87.0;0.0;0.0
1437;79.0;88.0;0.0;0.0
1438;79.0;92.0;1.0;1.0
1439;79.0;93.0;1.0;1.0
1440;79.0;94.0;1.0;1.0
1441;79.0;96.0;1.0;1.0
1442;79.0;99.0;1.0;1.0
1443;79.0;100.0;1.0;1.0
1444;79.0;106.0;1.0;2.0
1445;79.0;107.0;1.0;2.0
1446;79.0;112.0;1.0;2.0
1447;79.0;113.0;1.0;2.0
1448;79.0;114.0;1.0;2.0
1449;79.0;117.0;1.0;2.0
1450;79.0;121.0;1.0;2.0
1451;80.0;83.0;0.0;0.0
1452;81.0;84.0;0.0;0.0
1453;82.0;85.0;0.0;0.0
1454;83.0;86.0;0.0;0.0
1455;83.0;87.0;0.0;0.0
1456;83.0;88.0;0.0;0.0
1457;83.0;92.0;1.0;1.0
1458;83.0;93.0;1.0;1.0
1459;83.0;94.0;1.0;1.0
1460;83.0;96.0;1.0;1.0
1461;83.0;99.0;1.0;1.0
1462;83.0;100.0;1.0;1.0
1463;83.0;106.0;1.0;2.0
1464;83.0;107.0;1.0;2.0
1465;83.0;112.0;1.0;2.0
1466;83.0;113.0;1.0;2.0
1467;83.0;114.0;1.0;2.0
1468;83.0;117.0;1.0;2.0
1469;83.0;121.0;1.0;2.0
1470;84.0;86.0;0.0;0.0
1471;84.0;87.0;0.0;0.0
1472;84.0;88.0;0.0;0.0
1473;84.0;92.0;1.0;1.0
1474;84.0;93.0;1.0;1.0
1475;84.0;94.0;1.0;1.0
1476;84.0;96.0;1.0;1.0
1477;84.0;99.0;1.0;1.0
1478;84.0;100.0;1.0;1.0
1479;84.0;106.0;1.0;2.0
1480;84.0;107.0;1.0;2.0
1481;84.0;112.0;1.0;2.0
1482;84.0;113.0;1.0;2.0
1483;84.0;114.0;1.0;2.0
1484;84.0;117.0;1.0;2.0
1485;84.0;121.0;1.0;2.0
1486;85.0;86.0;0.0;0.0
1487;85.0;87.0;0.0;0.0
1488;85.0;88.0;0.0;0.0
1489;85.0;92.0;1.0;1.0
1490;85.0;93.0;1.0;1.0
1491;85.0;94.0;1.0;1.0
1492;85.0;96.0;1.0;1.0
1493;85.0;99.0;1.0;1.0
1494;85.0;100.0;1.0;1.0
1495;85.0;106.0;1.0;2.0
1496;85.0;107.0;1.0;2.0
1497;85.0;112.0;1.0;2.0
1498;85.0;113.0;1.0;2.0
1499;85.0;114.0;1.0;2.0
1500;85.0;117.0;1.0;2.0
1501;85.0;121.0;1.0;2.0
1502;86.0;91.0;0.0;1.0
1503;86.0;98.0;0.0;1.0
1504;87.0;90.0;0.0;1.0
1505;87.0;105.0;0.0;2.0
1506;88.0;89.0;0.0;1.0
1507;89.0;92.0;0.0;0.0
1508;89.0;93.0;0.0;0.0
1509;89.0;94.0;0.0;0.0
1510;89.0;96.0;0.0;0.0
1511;89.0;99.0;0.0;0.0
1512;89.0;100.0;0.0;0.0
1513;89.0;106.0;1.0;1.0
1514;89.0;107.0;1.0;1.0
1515;89.0;112.0;1.0;1.0
1516;89.0;113.0;1.0;1.0
1517;89.0;114.0;1.0;1.0
1518;89.0;117.0;1.0;1.0
1519;89.0;121.0;1.0;1.0
1520;90.0;93.0;0.0;0.0
1521;90.0;94.0;0.0;0.0
1522;90.0;96.0;0.0;0.0
1523;90.0;99.0;0.0;0.0
1524;90.0;100.0;0.0;0.0
1525;90.0;106.0;1.0;1.0
1526;90.0;107.0;1.0;1.0
1527;90.0;112.0;1.0;1.0
1528;90.0;113.0;1.0;1.0
1529;90.0;114.0;1.0;1.0
1530;90.0;117.0;1.0;1.0
1531;90.0;121.0;1.0;1.0
1532;91.0;94.0;0.0;0.0
1533;91.0;96.0;0.0;0.0
1534;91.0;99.0;0.0;0.0
1535;91.0;100.0;0.0;0.0
1536;91.0;106.0;1.0;1.0
1537;91.0;107.0;1.0;1.0
1538;91.0;112.0;1.0;1.0
1539;91.0;113.0;1.0;1.0
1540;91.0;114.0;1.0;1.0
1541;91.0;117.0;1.0;1.0
1542;91.0;121.0;1.0;1.0
1543;92.0;95.0;0.0;0.0
1544;92.0;102.0;0.0;0.0
1545;92.0;115.0;0.0;1.0
1546;93.0;97.0;0.0;0.0
1547;94.0;98.0;0.0;0.0
1548;95.0;96.0;0.0;0.0
1549;95.0;99.0;0.0;0.0
1550;95.0;100.0;0.0;0.0
1551;95.0;106.0;1.0;1.0
1552;95.0;107.0;1.0;1.0
1553;95.0;112.0;1.0;1.0
1554;95.0;113.0;1.0;1.0
1555;95.0;114.0;1.0;1.0
1556;95.0;117.0;1.0;1.0
1557;95.0;121.0;1.0;1.0
1558;96.0;101.0;0.0;0.0
1559;97.0;100.0;0.0;0.0
1560;97.0;106.0;1.0;1.0
1561;97.0;107.0;1.0;1.0
1562;97.0;112.0;1.0;1.0
1563;97.0;113.0;1.0;1.0
1564;97.0;114.0;1.0;1.0
1565;97.0;117.0;1.0;1.0
1566;97.0;121.0;1.0;1.0
1567;98.0;99.0;0.0;0.0
1568;98.0;100.0;0.0;0.0
1569;98.0;106.0;1.0;1.0
1570;98.0;107.0;1.0;1.0
1571;98.0;112.0;1.0;1.0
1572;98.0;113.0;1.0;1.0
1573;98.0;114.0;1.0;1.0
1574;98.0;117.0;1.0;1.0
1575;98.0;121.0;1.0;1.0
1576;99.0;103.0;0.0;0.0
1577;100.0;102.0;0.0;0.0
1578;100.0;115.0;0.0;1.0
1579;101.0;106.0;1.0;1.0
1580;101.0;107.0;1.0;1.0
1581;101.0;112.0;1.0;1.0
1582;101.0;113.0;1.0;1.0
1583;101.0;114.0;1.0;1.0
1584;101.0;117.0;1.0;1.0
1585;101.0;121.0;1.0;1.0
1586;102.0;104.0;0.0;0.0
1587;103.0;106.0;1.0;1.0
1588;103.0;107.0;1.0;1.0
1589;103.0;112.0;1.0;1.0
1590;103.0;113.0;1.0;1.0
1591;103.0;114.0;1.0;1.0
1592;103.0;117.0;1.0;1.0
1593;103.0;121.0;1.0;1.0
1594;104.0;105.0;0.0;1.0
1595;105.0;108.0;0.0;0.0
1596;106.0;109.0;0.0;0.0
1597;106.0;118.0;0.0;0.0
1598;107.0;110.0;0.0;0.0
1599;108.0;111.0;0.0;0.0
1600;109.0;112.0;0.0;0.0
1601;109.0;113.0;0.0;0.0
1602;109.0;114.0;0.0;0.0
1603;109.0;117.0;0.0;0.0
1604;109.0;121.0;0.0;0.0
1605;110.0;113.0;0.0;0.0
1606;110.0;114.0;0.0;0.0
1607;110.0;117.0;0.0;0.0
1608;110.0;121.0;0.0;0.0
1609;111.0;113.0;0.0;0.0
1610;111.0;114.0;0.0;0.0
1611;111.0;117.0;0.0;0.0
1612;111.0;121.0;0.0;0.0
1613;112.0;116.0;0.0;0.0
1614;113.0;115.0;0.0;0.0
1615;114.0;118.0;0.0;0.0
1616;115.0;117.0;0.0;0.0
1617;115.0;121.0;0.0;0.0
1618;116.0;119.0;0.0;0.0
1619;117.0;120.0;0.0;0.0
1620;118.0;121.0;0.0;0.0
1621;120.0;121.0;0.0;0.0
